track_name,album_name,album_type,duration,release_year,artists,acousticness,danceability,energy,instrumentalness,key,liveness,loudness,mode,speechiness,tempo,time_signature,valence
Intro (Live At Pine Street Theatre),Bleach (Deluxe Edition),rerelease,52,2009,Nirvana,1.18e-05,0.269,0.634,0.42,9,0.0917,-7.221,1,0.0421,84.911,1,0.364
Blew,Bleach,studio album,174,1989,Nirvana,5.65e-06,0.411,0.882,0.0147,1,0.298,-6.618,1,0.0556,129.848,4,0.531
Floyd The Barber,Bleach,studio album,138,1989,Nirvana,0.000788,0.443,0.878,0.56,8,0.0623,-6.717,0,0.0418,136.567,4,0.683
About A Girl,Bleach,studio album,168,1989,Nirvana,5.13e-06,0.413,0.875,0.00058,6,0.209,-7.48,0,0.031,131.951,4,0.575
School,Bleach,studio album,162,1989,Nirvana,1.15e-05,0.21,0.943,0.493,4,0.0739,-7.656,1,0.0785,164.844,4,0.13
Love Buzz,Bleach,studio album,215,1989,Nirvana,3.1e-05,0.479,0.865,0.228,5,0.182,-8.281,0,0.0339,137.902,4,0.77
Paper Cuts,Bleach,studio album,246,1989,Nirvana,0.00205,0.553,0.726,0.17,4,0.139,-7.462,1,0.0403,102.094,4,0.361
Negative Creep,Bleach,studio album,175,1989,Nirvana,7.97e-06,0.37,0.947,0.000175,2,0.0762,-7.213,1,0.0901,81.744,4,0.418
Scoff,Bleach,studio album,250,1989,Nirvana,6.47e-06,0.442,0.915,0.865,11,0.114,-7.751,0,0.0403,145.27,4,0.735
Swap Meet,Bleach,studio album,183,1989,Nirvana,5.28e-05,0.387,0.953,2.45e-05,2,0.189,-7.143,1,0.0557,146.313,4,0.709
Mr. Moustache,Bleach,studio album,203,1989,Nirvana,5.58e-06,0.194,0.898,0.141,0,0.108,-6.12,1,0.0608,177.191,4,0.482
Sifting,Bleach,studio album,322,1989,Nirvana,8.7e-05,0.42,0.747,0.0125,0,0.106,-7.559,1,0.0394,115.4,4,0.583
Big Cheese,Bleach,studio album,222,1989,Nirvana,5.73e-06,0.27,0.945,0.0203,4,0.179,-6.65,0,0.0537,129.556,4,0.297
Downer,Bleach,studio album,103,1989,Nirvana,0.000401,0.345,0.932,0.546,4,0.185,-6.109,0,0.112,100.961,4,0.508
Spank Thru (Live At Pine Street Theatre),Bleach (Deluxe Edition),rerelease,179,2009,Nirvana,2.77e-05,0.305,0.95,0.0512,2,0.225,-6.661,1,0.0547,137.933,4,0.35
Molly'S Lips (Live At Pine Street Theatre),Bleach (Deluxe Edition),rerelease,135,2009,Nirvana,5.56e-05,0.284,0.964,0.0803,7,0.269,-6.651,1,0.1,156.573,4,0.415
Sappy (Live At Pine Street Theatre),Bleach (Deluxe Edition),rerelease,199,2009,Nirvana,4.13e-06,0.409,0.918,0.0464,2,0.657,-6.218,1,0.0387,135.721,4,0.442
About A Girl (Live At Pine Street Theatre),Bleach (Deluxe Edition),rerelease,147,2009,Nirvana,4.9e-06,0.36,0.931,8.18e-06,4,0.461,-6.008,0,0.0363,149.44,4,0.686
Blew (Live At Pine Street Theatre),Bleach (Deluxe Edition),rerelease,270,2009,Nirvana,0.000126,0.24,0.934,0.0158,2,0.726,-7.815,1,0.139,140.127,4,0.227
Love Buzz (Live At Pine Street Theatre),Bleach (Deluxe Edition),rerelease,177,2009,Nirvana,4.98e-05,0.407,0.952,0.146,2,0.106,-7.383,1,0.0654,152.945,4,0.81
Dive (Live At Pine Street Theatre),Bleach (Deluxe Edition),rerelease,222,2009,Nirvana,5.21e-06,0.411,0.895,0.00509,11,0.14,-5.807,1,0.0342,132.553,4,0.439
Been A Son (Live At Pine Street Theatre),Bleach (Deluxe Edition),rerelease,120,2009,Nirvana,6.47e-06,0.28,0.916,0.52,7,0.701,-6.689,1,0.0415,151.559,4,0.682
Scoff (Live At Pine Street Theatre),Bleach (Deluxe Edition),rerelease,232,2009,Nirvana,2.9e-06,0.372,0.933,0.2,4,0.683,-6.3,0,0.0466,155.403,4,0.897
School (Live At Pine Street Theatre),Bleach (Deluxe Edition),rerelease,156,2009,Nirvana,1.35e-05,0.257,0.958,0.127,4,0.217,-6.009,1,0.0967,158.784,4,0.474
Floyd The Barber (Live At Pine Street Theatre),Bleach (Deluxe Edition),rerelease,136,2009,Nirvana,8.88e-06,0.333,0.914,0.0445,5,0.218,-5.928,1,0.0503,145.838,4,0.493
Smells Like Teen Spirit,Nevermind (Super Deluxe Edition),rerelease,301,2011,Nirvana,2.55e-05,0.502,0.912,0.000173,1,0.106,-4.556,1,0.0564,116.761,4,0.72
In Bloom,Nevermind (Super Deluxe Edition),rerelease,255,2011,Nirvana,3.33e-05,0.436,0.876,0.000104,10,0.205,-4.902,0,0.0647,157.044,4,0.512
Come As You Are,Nevermind (Super Deluxe Edition),rerelease,218,2011,Nirvana,0.00016,0.5,0.824,0.00161,4,0.0916,-5.846,0,0.0388,120.125,4,0.539
Breed,Nevermind (Super Deluxe Edition),rerelease,184,2011,Nirvana,3.69e-06,0.262,0.969,0.00213,4,0.133,-4.675,1,0.0894,158.433,4,0.263
Lithium,Nevermind (Super Deluxe Edition),rerelease,257,2011,Nirvana,0.00174,0.678,0.656,0.0,7,0.0631,-6.41,1,0.0381,123.207,4,0.485
Polly,Nevermind (Super Deluxe Edition),rerelease,173,2011,Nirvana,0.884,0.83,0.382,0.301,2,0.11,-11.231,0,0.0566,121.12,4,0.54
Territorial Pissings,Nevermind (Super Deluxe Edition),rerelease,142,2011,Nirvana,0.000144,0.285,0.979,0.0,2,0.334,-4.428,1,0.175,182.7,4,0.108
Drain You,Nevermind (Super Deluxe Edition),rerelease,223,2011,Nirvana,0.000129,0.325,0.929,2.22e-06,11,0.184,-5.625,0,0.0695,133.358,4,0.198
Lounge Act,Nevermind (Super Deluxe Edition),rerelease,156,2011,Nirvana,1.26e-05,0.341,0.964,0.000103,11,0.151,-5.327,0,0.107,152.192,4,0.459
Stay Away,Nevermind (Super Deluxe Edition),rerelease,211,2011,Nirvana,5.39e-06,0.367,0.981,0.0461,11,0.0822,-5.1,0,0.128,165.21,4,0.205
On A Plain,Nevermind (Super Deluxe Edition),rerelease,194,2011,Nirvana,0.000119,0.428,0.946,3.37e-06,2,0.141,-4.674,1,0.102,133.26,4,0.358
Something In The Way,Nevermind (Super Deluxe Edition),rerelease,232,2011,Nirvana,0.745,0.427,0.201,0.263,8,0.109,-13.044,1,0.0317,105.218,4,0.0668
"Endless, Nameless",Nevermind (Super Deluxe Edition),rerelease,403,2011,Nirvana,0.000256,0.271,0.959,0.854,7,0.0858,-5.866,1,0.125,131.846,4,0.0642
Even In His Youth - B-Side,Nevermind (Super Deluxe Edition),rerelease,182,2011,Nirvana,4.21e-05,0.443,0.975,0.0106,7,0.358,-4.082,1,0.0751,142.763,4,0.33
Aneurysm,Nevermind (Super Deluxe Edition),rerelease,285,2011,Nirvana,0.000327,0.317,0.874,0.751,11,0.209,-4.991,0,0.094,130.992,4,0.17
Curmudgeon,Nevermind (Super Deluxe Edition),rerelease,177,2011,Nirvana,0.000355,0.239,0.92,0.0,3,0.272,-2.593,1,0.0891,125.221,4,0.307
D-7 - Live At The Bbc,Nevermind (Super Deluxe Edition),rerelease,224,2011,Nirvana,0.0092,0.259,0.931,0.863,4,0.102,-5.834,1,0.15,60.553,4,0.151
Been A Son - Live At Paramount Theatre B-Side,Nevermind (Super Deluxe Edition),rerelease,150,2011,Nirvana,0.00125,0.28,0.978,0.0207,7,0.657,-5.326,1,0.155,142.904,4,0.131
School - Live At Paramount Theatre/1991,Nevermind (Super Deluxe Edition),rerelease,153,2011,Nirvana,3.38e-05,0.173,0.989,0.273,5,0.89,-5.028,1,0.174,166.897,4,0.204
Drain You - Live At Paramount Theatre B-Side,Nevermind (Super Deluxe Edition),rerelease,232,2011,Nirvana,0.000317,0.429,0.973,0.103,8,0.413,-5.766,1,0.127,136.22,4,0.27
Sliver - Live At Del Mar B-Side,Nevermind (Super Deluxe Edition),rerelease,123,2011,Nirvana,0.000624,0.459,0.954,1.12e-06,0,0.337,-5.615,1,0.0674,141.771,4,0.651
Polly - Live At Del Mar B-Side,Nevermind (Super Deluxe Edition),rerelease,167,2011,Nirvana,0.0629,0.517,0.645,0.0,7,0.826,-7.172,1,0.0297,130.271,4,0.39
In Bloom - Smart Sessions,Nevermind (Super Deluxe Edition),rerelease,270,2011,Nirvana,7e-05,0.419,0.845,0.29,10,0.152,-5.483,1,0.0602,148.995,4,0.344
Immodium (Breed) - Smart Sessions,Nevermind (Super Deluxe Edition),rerelease,193,2011,Nirvana,2.99e-06,0.264,0.978,0.338,11,0.124,-4.719,0,0.103,156.284,4,0.367
Lithium - Smart Sessions,Nevermind (Super Deluxe Edition),rerelease,270,2011,Nirvana,0.0127,0.45,0.77,8.05e-05,9,0.232,-6.686,1,0.0678,125.365,4,0.412
Polly - Smart Sessions,Nevermind (Super Deluxe Edition),rerelease,178,2011,Nirvana,0.904,0.809,0.392,0.616,2,0.287,-11.876,0,0.0781,120.981,4,0.71
Pay To Play - Smart Sessions,Nevermind (Super Deluxe Edition),rerelease,208,2011,Nirvana,5.43e-05,0.397,0.968,0.828,9,0.436,-5.383,0,0.111,164.475,4,0.251
Here She Comes Now - Smart Sessions,Nevermind (Super Deluxe Edition),rerelease,299,2011,Nirvana,0.0449,0.351,0.701,0.0476,0,0.124,-8.088,1,0.0306,118.505,4,0.137
Dive - Smart Sessions,Nevermind (Super Deluxe Edition),rerelease,234,2011,Nirvana,1.86e-06,0.383,0.944,0.554,11,0.156,-5.254,1,0.0417,128.158,4,0.29
Sappy - Smart Sessions,Nevermind (Super Deluxe Edition),rerelease,214,2011,Nirvana,0.0121,0.59,0.858,0.000837,2,0.177,-7.1,0,0.0336,128.651,4,0.315
Smells Like Teen Spirit - Boombox Rehearsals,Nevermind (Super Deluxe Edition),rerelease,339,2011,Nirvana,0.00572,0.524,0.981,0.00185,8,0.298,-1.664,1,0.0749,117.249,4,0.526
Verse Chorus Verse - Boombox Rehearsals,Nevermind (Super Deluxe Edition),rerelease,192,2011,Nirvana,0.0763,0.529,0.965,0.238,2,0.31,-2.715,1,0.0354,135.034,4,0.907
Territorial Pissings - Boombox Rehearsals,Nevermind (Super Deluxe Edition),rerelease,130,2011,Nirvana,0.0179,0.31,0.988,0.211,9,0.326,-3.185,1,0.138,183.54,4,0.275
Lounge Act - Boombox Rehearsals,Nevermind (Super Deluxe Edition),rerelease,156,2011,Nirvana,0.0799,0.4,0.972,0.00537,2,0.0475,-3.187,1,0.112,144.821,4,0.778
Come As You Are - Boombox Rehearsals,Nevermind (Super Deluxe Edition),rerelease,251,2011,Nirvana,0.025,0.353,0.919,0.121,4,0.372,-2.512,1,0.0365,120.023,4,0.706
Old Age - Boombox Rehearsals,Nevermind (Super Deluxe Edition),rerelease,261,2011,Nirvana,0.278,0.59,0.925,0.105,4,0.342,-2.914,0,0.0354,125.293,4,0.543
Something In The Way - Boombox Rehearsals,Nevermind (Super Deluxe Edition),rerelease,330,2011,Nirvana,0.471,0.241,0.3,0.746,2,0.0673,-10.951,1,0.0293,93.53,3,0.0683
On A Plain - Boombox Rehearsals,Nevermind (Super Deluxe Edition),rerelease,200,2011,Nirvana,0.063,0.463,0.971,0.0185,7,0.0498,-2.554,1,0.0949,133.419,4,0.482
Drain You - Live At The Bbc,Nevermind (Super Deluxe Edition),rerelease,242,2011,Nirvana,0.000141,0.387,0.802,0.501,1,0.269,-4.368,0,0.0541,132.802,4,0.215
Something In The Way - Live At The Bbc,Nevermind (Super Deluxe Edition),rerelease,203,2011,Nirvana,0.188,0.283,0.283,0.00132,2,0.115,-7.502,1,0.0312,104.87,4,0.0397
Smells Like Teen Spirit - Devonshire Mix,Nevermind (Super Deluxe Edition),rerelease,302,2011,Nirvana,3.54e-06,0.465,0.902,0.00165,1,0.143,-5.473,1,0.0407,116.063,4,0.666
In Bloom - Devonshire Mix,Nevermind (Super Deluxe Edition),rerelease,254,2011,Nirvana,8.62e-06,0.446,0.895,0.00327,0,0.448,-5.769,0,0.0472,78.044,4,0.565
Come As You Are - Devonshire Mix,Nevermind (Super Deluxe Edition),rerelease,220,2011,Nirvana,9.24e-05,0.477,0.684,0.0338,0,0.19,-6.078,1,0.0321,119.237,4,0.332
Breed - Devonshire Mix,Nevermind (Super Deluxe Edition),rerelease,183,2011,Nirvana,1.76e-06,0.286,0.961,0.0862,6,0.113,-5.34,0,0.082,158.124,4,0.486
Lithium - Devonshire Mix,Nevermind (Super Deluxe Edition),rerelease,258,2011,Nirvana,0.000183,0.698,0.572,0.000252,2,0.0788,-6.767,0,0.0287,122.556,4,0.432
Territorial Pissings - Devonshire Mix,Nevermind (Super Deluxe Edition),rerelease,133,2011,Nirvana,2.09e-05,0.261,0.826,0.0081,9,0.148,-4.274,1,0.0724,181.466,4,0.188
Drain You - Devonshire Mix,Nevermind (Super Deluxe Edition),rerelease,221,2011,Nirvana,4.04e-05,0.351,0.857,0.0,11,0.133,-5.767,0,0.0397,132.471,4,0.156
Lounge Act - Devonshire Mix,Nevermind (Super Deluxe Edition),rerelease,156,2011,Nirvana,6.35e-06,0.398,0.88,5.52e-06,11,0.181,-6.829,0,0.049,152.8,4,0.497
Stay Away - Devonshire Mix,Nevermind (Super Deluxe Edition),rerelease,207,2011,Nirvana,0.000123,0.402,0.882,0.595,0,0.0913,-5.626,1,0.0957,164.398,4,0.442
On A Plain - Devonshire Mix,Nevermind (Super Deluxe Edition),rerelease,205,2011,Nirvana,1.2e-05,0.472,0.865,9.86e-06,0,0.134,-5.577,1,0.0617,132.402,4,0.416
Something In The Way - Devonshire Mix,Nevermind (Super Deluxe Edition),rerelease,235,2011,Nirvana,0.739,0.404,0.182,0.688,5,0.111,-13.398,1,0.0308,104.166,4,0.0387
Jesus Doesn'T Want Me For A Sunbeam - Live At The Paramount,Nevermind (Super Deluxe Edition),rerelease,209,2011,Nirvana,0.000316,0.369,0.896,0.0432,9,0.674,-5.982,1,0.0451,122.221,4,0.283
Aneurysm - Live At The Paramount,Nevermind (Super Deluxe Edition),rerelease,289,2011,Nirvana,0.000664,0.266,0.959,0.18,6,0.633,-6.523,0,0.092,132.064,4,0.137
Drain You - Live At The Paramount/1991,Nevermind (Super Deluxe Edition),rerelease,226,2011,Nirvana,0.00141,0.455,0.892,0.00301,1,0.63,-6.324,0,0.0619,136.714,4,0.475
School - Live At The Paramount,Nevermind (Super Deluxe Edition),rerelease,171,2011,Nirvana,0.000939,0.174,0.967,0.00168,9,0.846,-6.444,1,0.16,166.937,4,0.262
Floyd The Barber - Live At The Paramount,Nevermind (Super Deluxe Edition),rerelease,147,2011,Nirvana,0.00014,0.393,0.956,0.0135,9,0.746,-6.398,0,0.068,135.73,4,0.576
Smells Like Teen Spirit - Live At The Paramount,Nevermind (Super Deluxe Edition),rerelease,285,2011,Nirvana,7.3e-05,0.321,0.952,0.0365,5,0.893,-5.419,1,0.087,122.794,4,0.29
About A Girl - Live At The Paramount,Nevermind (Super Deluxe Edition),rerelease,193,2011,Nirvana,1.78e-05,0.361,0.935,0.000395,9,0.401,-6.084,1,0.0573,132.871,4,0.36
Polly - Live At The Paramount,Nevermind (Super Deluxe Edition),rerelease,183,2011,Nirvana,0.265,0.542,0.545,0.0,0,0.401,-9.272,1,0.0324,127.997,4,0.409
Breed - Live At The Paramount,Nevermind (Super Deluxe Edition),rerelease,190,2011,Nirvana,0.000138,0.144,0.977,0.323,9,0.958,-6.104,1,0.0858,164.231,4,0.222
Sliver - Live At The Paramount,Nevermind (Super Deluxe Edition),rerelease,131,2011,Nirvana,0.0185,0.4,0.961,0.0,0,0.725,-5.643,1,0.135,140.761,4,0.317
Love Buzz - Live At The Paramount,Nevermind (Super Deluxe Edition),rerelease,214,2011,Nirvana,0.00255,0.24,0.958,0.345,2,0.725,-5.917,1,0.0901,145.843,4,0.545
Lithium - Live At The Paramount,Nevermind (Super Deluxe Edition),rerelease,278,2011,Nirvana,0.0851,0.331,0.785,0.0,9,0.273,-5.834,1,0.0434,123.662,4,0.243
Been A Son - Live At The Paramount,Nevermind (Super Deluxe Edition),rerelease,135,2011,Nirvana,0.0329,0.256,0.908,0.151,9,0.816,-5.568,1,0.0557,143.1,4,0.555
Negative Creep - Live At The Paramount,Nevermind (Super Deluxe Edition),rerelease,163,2011,Nirvana,0.000573,0.231,0.977,0.00111,2,0.846,-5.784,1,0.13,168.777,4,0.257
On A Plain - Live At The Paramount,Nevermind (Super Deluxe Edition),rerelease,184,2011,Nirvana,0.0034,0.437,0.989,0.00227,7,0.418,-5.491,1,0.0573,133.697,4,0.393
Blew - Live At The Paramount,Nevermind (Super Deluxe Edition),rerelease,249,2011,Nirvana,0.000532,0.238,0.957,0.0059,2,0.115,-6.219,1,0.177,131.041,4,0.187
Rape Me - Live At The Paramount,Nevermind (Super Deluxe Edition),rerelease,179,2011,Nirvana,0.000251,0.311,0.846,0.0282,4,0.35,-5.801,0,0.054,103.269,4,0.217
Territorial Pissings - Live At The Paramount,Nevermind (Super Deluxe Edition),rerelease,175,2011,Nirvana,0.00337,0.256,0.957,0.0236,7,0.457,-4.828,0,0.133,92.354,4,0.129
"Endless, Nameless - Live At The Paramount",Nevermind (Super Deluxe Edition),rerelease,384,2011,Nirvana,0.000103,0.331,0.938,0.815,9,0.656,-6.776,0,0.184,136.185,4,0.258
Jesus Doesn'T Want Me For A Sunbeam,Live At The Paramount,live album,209,2011,Nirvana,0.000336,0.368,0.903,0.0184,9,0.693,-6.003,1,0.0445,122.214,4,0.275
Aneurysm,Live At The Paramount,live album,289,2011,Nirvana,0.000599,0.259,0.96,0.215,6,0.77,-6.503,0,0.088,131.984,4,0.14
Drain You,Live At The Paramount,live album,226,2011,Nirvana,0.00146,0.456,0.896,0.0013,1,0.618,-6.302,0,0.0632,136.733,4,0.509
School,Live At The Paramount,live album,171,2011,Nirvana,0.00081,0.17,0.963,0.00119,4,0.836,-6.465,1,0.172,167.147,4,0.275
Floyd The Barber,Live At The Paramount,live album,147,2011,Nirvana,0.000137,0.399,0.959,0.0164,5,0.754,-6.365,1,0.0785,135.687,4,0.55
Smells Like Teen Spirit,Live At The Paramount,live album,285,2011,Nirvana,8.8e-05,0.317,0.948,0.0178,8,0.906,-5.411,1,0.0857,122.952,4,0.31
About A Girl,Live At The Paramount,live album,193,2011,Nirvana,2.33e-05,0.367,0.935,0.00122,9,0.394,-6.062,1,0.0572,132.903,4,0.334
Polly,Live At The Paramount,live album,183,2011,Nirvana,0.244,0.546,0.549,0.0,0,0.381,-9.235,1,0.0312,128.073,4,0.386
Breed,Live At The Paramount,live album,190,2011,Nirvana,0.000163,0.136,0.976,0.363,9,0.948,-6.077,1,0.0844,164.291,4,0.247
Sliver,Live At The Paramount,live album,131,2011,Nirvana,0.0206,0.396,0.957,2e-06,5,0.724,-5.692,1,0.156,140.796,4,0.311
Love Buzz,Live At The Paramount,live album,214,2011,Nirvana,0.00341,0.235,0.964,0.245,2,0.725,-5.891,1,0.0928,146.089,4,0.544
Lithium,Live At The Paramount,live album,278,2011,Nirvana,0.0877,0.327,0.767,0.0,9,0.23,-5.87,1,0.0443,123.512,4,0.219
Been A Son,Live At The Paramount,live album,135,2011,Nirvana,0.0212,0.247,0.889,0.0455,7,0.837,-5.537,1,0.0576,143.114,4,0.552
Negative Creep,Live At The Paramount,live album,163,2011,Nirvana,0.000627,0.229,0.974,0.00187,2,0.837,-5.793,1,0.117,168.305,4,0.321
On A Plain,Live At The Paramount,live album,184,2011,Nirvana,0.00319,0.435,0.987,0.00168,7,0.429,-5.495,1,0.0634,133.688,4,0.37
Blew,Live At The Paramount,live album,249,2011,Nirvana,0.000516,0.33,0.959,0.00554,2,0.107,-6.186,1,0.154,130.853,4,0.244
Rape Me,Live At The Paramount,live album,179,2011,Nirvana,0.000268,0.281,0.849,0.0195,4,0.358,-5.771,0,0.0559,103.116,4,0.223
Territorial Pissings,Live At The Paramount,live album,175,2011,Nirvana,0.00599,0.226,0.956,0.00601,10,0.45,-4.82,1,0.152,91.807,4,0.159
"Endless, Nameless",Live At The Paramount,live album,384,2011,Nirvana,9.7e-05,0.331,0.936,0.694,9,0.638,-6.774,0,0.193,135.702,4,0.332
Breed,Live At Reading,live album,192,2009,Nirvana,0.00111,0.102,0.994,0.263,8,0.991,-7.406,1,0.118,161.906,4,0.0393
Drain You,Live At Reading,live album,218,2009,Nirvana,0.00191,0.342,0.954,0.81,0,0.96,-7.551,0,0.0746,133.616,4,0.178
Aneurysm,Live At Reading,live album,275,2009,Nirvana,0.000232,0.216,0.979,0.925,1,0.688,-7.256,1,0.0982,133.376,4,0.177
School,Live At Reading,live album,163,2009,Nirvana,0.00689,0.175,0.98,0.588,8,0.764,-7.442,1,0.116,161.957,4,0.12
Sliver,Live At Reading,live album,126,2009,Nirvana,0.00646,0.334,0.973,0.0106,11,0.822,-7.674,1,0.0766,143.417,4,0.36
In Bloom,Live At Reading,live album,276,2009,Nirvana,0.0038,0.26,0.92,0.814,2,0.993,-7.453,1,0.0748,153.046,4,0.313
Come As You Are,Live At Reading,live album,216,2009,Nirvana,0.00112,0.334,0.965,0.499,1,0.803,-7.659,1,0.0509,123.393,4,0.347
Lithium,Live At Reading,live album,261,2009,Nirvana,0.0313,0.364,0.908,0.022,1,0.905,-7.572,1,0.0552,122.616,4,0.258
About A Girl,Live At Reading,live album,171,2009,Nirvana,2.93e-05,0.357,0.969,0.000429,3,0.877,-7.109,0,0.0438,129.619,4,0.36
Tourette'S,Live At Reading,live album,110,2009,Nirvana,8e-05,0.352,0.989,0.988,10,0.47,-6.814,0,0.0999,84.728,4,0.0927
Polly,Live At Reading,live album,168,2009,Nirvana,0.45,0.526,0.545,0.0,1,0.333,-12.146,0,0.0332,125.694,4,0.404
Lounge Act,Live At Reading,live album,156,2009,Nirvana,0.0269,0.284,0.983,0.506,1,0.813,-6.209,1,0.0893,143.279,4,0.282
Smells Like Teen Spirit,Live At Reading,live album,285,2009,Nirvana,0.000706,0.41,0.964,0.745,7,1.0,-6.648,1,0.0763,121.868,4,0.274
On A Plain,Live At Reading,live album,180,2009,Nirvana,0.00402,0.366,0.981,0.951,1,0.38,-6.625,1,0.0634,129.616,4,0.348
Negative Creep,Live At Reading,live album,172,2009,Nirvana,0.00172,0.208,0.979,0.826,1,0.396,-6.888,1,0.127,80.554,4,0.118
Been A Son,Live At Reading,live album,133,2009,Nirvana,0.0113,0.293,0.987,0.943,6,0.752,-7.268,1,0.151,145.955,4,0.181
All Apologies,Live At Reading,live album,189,2009,Nirvana,0.0293,0.393,0.857,0.0277,1,0.873,-6.945,1,0.036,112.972,4,0.136
Blew,Live At Reading,live album,199,2009,Nirvana,2.24e-05,0.23,0.949,0.905,1,0.892,-6.848,1,0.0797,128.532,4,0.26
Dumb,Live At Reading,live album,152,2009,Nirvana,0.00482,0.542,0.855,1.79e-06,6,0.612,-8.381,1,0.0289,113.55,4,0.771
Stay Away,Live At Reading,live album,212,2009,Nirvana,0.000592,0.302,0.979,0.862,1,0.826,-6.351,1,0.142,161.868,4,0.161
Spank Thru,Live At Reading,live album,186,2009,Nirvana,0.00351,0.265,0.95,0.63,1,0.544,-7.729,1,0.0591,130.573,4,0.296
The Money Will Roll Right In,Live At Reading,live album,136,2009,Nirvana,0.00227,0.31,0.986,0.744,5,0.872,-7.447,0,0.0672,134.807,4,0.149
D-7,Live At Reading,live album,223,2009,Nirvana,0.00451,0.244,0.979,0.528,8,0.92,-6.516,1,0.114,115.325,4,0.0395
Territorial Pissings,Live At Reading,live album,269,2009,Nirvana,0.00618,0.141,0.957,0.188,1,0.887,-7.17,1,0.0877,94.811,4,0.109
Dive,Incesticide,compilation album,235,1992,Nirvana,2.04e-06,0.425,0.837,0.366,11,0.108,-10.096,1,0.0318,128.13,4,0.441
Sliver,Incesticide,compilation album,136,1992,Nirvana,1.16e-05,0.428,0.684,0.000156,0,0.0744,-10.044,1,0.0475,141.336,4,0.419
Stain,Incesticide,compilation album,160,1992,Nirvana,0.000203,0.546,0.901,2.2e-05,4,0.133,-11.778,0,0.0599,148.341,4,0.532
Been A Son,Incesticide,compilation album,115,1992,Nirvana,2.7e-06,0.387,0.914,0.0,9,0.258,-10.101,1,0.0862,154.455,4,0.556
Turnaround,Incesticide,compilation album,139,1992,Nirvana,0.00035,0.316,0.797,0.161,2,0.0541,-10.984,1,0.0688,175.037,4,0.539
Molly'S Lips,Incesticide,compilation album,114,1992,Nirvana,1.91e-05,0.311,0.895,0.195,7,0.0584,-9.401,1,0.0476,167.107,4,0.681
Son Of A Gun,Incesticide,compilation album,168,1992,Nirvana,7.42e-06,0.33,0.868,0.758,7,0.0744,-9.346,1,0.0303,169.346,4,0.886
(New Wave) Polly,Incesticide,compilation album,107,1992,Nirvana,6.8e-06,0.333,0.926,9.07e-05,0,0.144,-11.385,1,0.185,194.839,4,0.482
Beeswax,Incesticide,compilation album,170,1992,Nirvana,0.00542,0.4,0.824,1.97e-05,1,0.0848,-9.277,0,0.0415,149.195,4,0.758
Downer,Incesticide,compilation album,103,1992,Nirvana,0.00101,0.303,0.931,0.0294,4,0.114,-9.306,0,0.0574,101.936,4,0.555
Mexican Seafood,Incesticide,compilation album,115,1992,Nirvana,0.00434,0.283,0.876,0.0559,1,0.227,-8.001,1,0.0664,170.34,4,0.447
Hairspray Queen,Incesticide,compilation album,253,1992,Nirvana,0.00182,0.473,0.856,0.00936,4,0.0745,-8.258,0,0.0549,143.099,4,0.558
Aero Zeppelin,Incesticide,compilation album,281,1992,Nirvana,0.00111,0.289,0.953,0.27,8,0.0865,-7.795,1,0.0613,116.203,4,0.12
Big Long Now,Incesticide,compilation album,303,1992,Nirvana,0.000857,0.479,0.562,0.61,1,0.111,-12.782,1,0.0266,78.01,4,0.159
Aneurysm,Incesticide,compilation album,275,1992,Nirvana,7.66e-05,0.298,0.823,7.53e-05,7,0.132,-9.793,1,0.0816,135.596,4,0.235
Serve The Servants,In Utero (Super Deluxe Edition),rerelease,217,1993,Nirvana,1.13e-05,0.435,0.895,0.0318,10,0.19,-8.7,1,0.0421,119.659,4,0.668
Scentless Apprentice,In Utero (Super Deluxe Edition),rerelease,228,1993,Nirvana,1.53e-06,0.31,0.83,0.146,1,0.137,-8.527,1,0.0482,170.568,4,0.617
Heart-Shaped Box,In Utero (Super Deluxe Edition),rerelease,281,1993,Nirvana,0.199,0.256,0.641,0.0329,1,0.0853,-10.283,1,0.0552,203.006,4,0.382
Rape Me,In Utero (Super Deluxe Edition),rerelease,170,1993,Nirvana,0.0141,0.42,0.746,0.0,8,0.0661,-10.628,1,0.0467,111.886,4,0.229
Frances Farmer Will Have Her Revenge On Seattle,In Utero (Super Deluxe Edition),rerelease,250,1993,Nirvana,5.66e-05,0.482,0.723,0.000432,10,0.0939,-10.08,0,0.0425,117.051,4,0.554
Dumb,In Utero (Super Deluxe Edition),rerelease,151,1993,Nirvana,0.428,0.697,0.395,0.653,6,0.173,-13.58,1,0.0281,113.589,4,0.876
Very Ape,In Utero (Super Deluxe Edition),rerelease,115,1993,Nirvana,3.11e-06,0.262,0.886,0.368,1,0.188,-9.392,1,0.0336,152.09,4,0.965
Milk It,In Utero (Super Deluxe Edition),rerelease,234,1993,Nirvana,0.00064,0.468,0.524,0.0221,1,0.131,-12.38,0,0.0474,136.293,4,0.537
Pennyroyal Tea,In Utero (Super Deluxe Edition),rerelease,218,1993,Nirvana,0.000351,0.428,0.449,0.000498,1,0.253,-12.114,0,0.0342,113.308,4,0.196
Radio Friendly Unit Shifter,In Utero (Super Deluxe Edition),rerelease,291,1993,Nirvana,0.000333,0.32,0.937,0.159,6,0.344,-10.392,1,0.0553,155.621,4,0.684
Tourette'S,In Utero (Super Deluxe Edition),rerelease,95,1993,Nirvana,0.000198,0.277,0.908,9.2e-05,10,0.132,-11.029,0,0.0463,173.713,4,0.351
All Apologies,In Utero (Super Deluxe Edition),rerelease,230,1993,Nirvana,0.0793,0.446,0.632,0.000266,1,0.0853,-12.197,1,0.034,113.176,4,0.359
Gallons Of Rubbing Alcohol Flow Through The Strip,In Utero (Super Deluxe Edition),rerelease,454,1993,Nirvana,0.000656,0.471,0.374,0.391,4,0.119,-12.334,1,0.0305,106.005,4,0.44
Marigold,In Utero (Super Deluxe Edition),rerelease,154,1993,Nirvana,0.126,0.367,0.326,0.000599,3,0.12,-13.025,0,0.0395,175.109,4,0.333
Moist Vagina - 2013 Mix,In Utero (Super Deluxe Edition),rerelease,213,1993,Nirvana,0.000127,0.344,0.567,0.205,10,0.225,-11.437,1,0.0384,110.306,4,0.613
Sappy - 2013 Mix,In Utero (Super Deluxe Edition),rerelease,205,1993,Nirvana,1.51e-05,0.37,0.827,0.000762,1,0.059,-8.576,1,0.0422,128.343,4,0.509
I Hate Myself And Want To Die - 2013 Mix,In Utero (Super Deluxe Edition),rerelease,179,1993,Nirvana,0.115,0.456,0.818,0.0,11,0.0995,-11.286,1,0.0589,115.556,4,0.257
Pennyroyal Tea - Scott Litt Mix,In Utero (Super Deluxe Edition),rerelease,215,1993,Nirvana,0.000132,0.388,0.637,8.25e-05,9,0.133,-9.937,1,0.0477,113.23,4,0.14
Heart Shaped Box - Original Steve Albini 1993 Mix,In Utero (Super Deluxe Edition),rerelease,281,1993,Nirvana,0.0115,0.535,0.725,0.0978,6,0.0824,-11.494,1,0.0307,99.589,4,0.524
All Apologies - Original Steve Albini 1993 Mix,In Utero (Super Deluxe Edition),rerelease,233,1993,Nirvana,0.0296,0.418,0.469,0.00311,1,0.132,-13.513,1,0.0302,112.348,4,0.237
Serve The Servants - 2013 Mix,In Utero (Super Deluxe Edition),rerelease,218,1993,Nirvana,2.91e-05,0.421,0.845,0.159,5,0.185,-9.475,0,0.0413,120.305,4,0.67
Scentless Apprentice - 2013 Mix,In Utero (Super Deluxe Edition),rerelease,229,1993,Nirvana,1.23e-06,0.28,0.861,0.102,1,0.617,-9.407,1,0.0541,169.749,4,0.452
Heart Shaped Box - 2013 Mix,In Utero (Super Deluxe Edition),rerelease,278,1993,Nirvana,0.0962,0.284,0.567,0.00596,1,0.0867,-12.58,1,0.0537,202.013,4,0.495
Rape Me - 2013 Mix,In Utero (Super Deluxe Edition),rerelease,169,1993,Nirvana,0.188,0.378,0.661,8.95e-06,8,0.124,-10.37,1,0.0447,112.303,4,0.332
Frances Farmer Will Have Her Revenge On Seattle - 2013 Mix,In Utero (Super Deluxe Edition),rerelease,251,1993,Nirvana,0.000265,0.419,0.578,3.83e-06,8,0.118,-11.189,1,0.0376,117.359,4,0.467
Dumb - 2013 Mix,In Utero (Super Deluxe Edition),rerelease,152,1993,Nirvana,0.731,0.7,0.372,0.0282,6,0.231,-16.01,1,0.0277,113.617,4,0.796
Very Ape - 2013 Mix,In Utero (Super Deluxe Edition),rerelease,117,1993,Nirvana,5.62e-06,0.201,0.901,0.214,1,0.106,-9.605,1,0.0455,152.57,4,0.935
Milk It - 2013 Mix,In Utero (Super Deluxe Edition),rerelease,236,1993,Nirvana,0.00041,0.419,0.543,0.000109,10,0.174,-10.617,0,0.052,136.413,4,0.442
Pennyroyal Tea - 2013 Mix,In Utero (Super Deluxe Edition),rerelease,212,1993,Nirvana,0.000983,0.406,0.586,9.15e-05,1,0.133,-10.847,0,0.0297,113.743,4,0.294
Radio Friendly Unit Shifter - 2013 Mix,In Utero (Super Deluxe Edition),rerelease,292,1993,Nirvana,0.00108,0.27,0.965,0.283,6,0.37,-10.602,1,0.0914,156.15,4,0.434
Tourette'S - 2013 Mix,In Utero (Super Deluxe Edition),rerelease,96,1993,Nirvana,3.17e-05,0.234,0.917,0.000207,10,0.106,-9.596,1,0.0492,173.557,4,0.462
All Apologies - 2013 Mix,In Utero (Super Deluxe Edition),rerelease,231,1993,Nirvana,0.107,0.418,0.508,7.39e-06,1,0.112,-12.464,1,0.0341,112.83,4,0.293
Scentless Apprentice - Demo,In Utero (Super Deluxe Edition),rerelease,233,1993,Nirvana,5.44e-05,0.349,0.825,0.342,6,0.338,-9.225,1,0.0397,164.397,4,0.651
Frances Farmer Will Have Her Revenge On Seattle - Demo / Instrumental,In Utero (Super Deluxe Edition),rerelease,272,1993,Nirvana,0.000196,0.515,0.569,0.868,10,0.0892,-10.704,0,0.0334,104.436,4,0.707
Dumb - Demo / Instrumental,In Utero (Super Deluxe Edition),rerelease,158,1993,Nirvana,0.0147,0.769,0.695,0.726,6,0.0574,-10.13,1,0.0288,109.167,4,0.768
Very Ape - Demo / Instrumental,In Utero (Super Deluxe Edition),rerelease,140,1993,Nirvana,2.44e-05,0.319,0.887,0.858,9,0.1,-10.212,1,0.0328,77.201,4,0.782
Pennyroyal Tea - Demo / Instrumental,In Utero (Super Deluxe Edition),rerelease,211,1993,Nirvana,4.88e-05,0.343,0.874,0.729,6,0.0977,-8.816,1,0.03,111.646,4,0.522
Radio Friendly Unit Shifter - Demo / Instrumental,In Utero (Super Deluxe Edition),rerelease,159,1993,Nirvana,4.09e-06,0.317,0.991,0.922,6,0.238,-7.605,1,0.0354,149.879,4,0.879
Tourette'S - Demo / Instrumental,In Utero (Super Deluxe Edition),rerelease,134,1993,Nirvana,3.85e-05,0.194,0.998,0.763,5,0.529,-7.134,1,0.14,176.456,4,0.0814
Marigold - Demo,In Utero (Super Deluxe Edition),rerelease,205,1993,Nirvana,0.876,0.364,0.282,0.371,4,0.106,-16.45,1,0.0559,143.707,4,0.223
All Apologies - Demo,In Utero (Super Deluxe Edition),rerelease,264,1993,Nirvana,0.44,0.606,0.77,0.477,2,0.0989,-10.227,1,0.0427,117.272,4,0.289
Forgotten Tune - Demo / Instrumental,In Utero (Super Deluxe Edition),rerelease,124,1993,Nirvana,4.47e-05,0.424,0.959,0.741,9,0.399,-10.758,0,0.0348,75.387,4,0.491
Jam - Demo,In Utero (Super Deluxe Edition),rerelease,335,1993,Nirvana,3.72e-05,0.343,0.97,0.81,8,0.0698,-8.071,1,0.0496,130.596,4,0.191
Radio Friendly Unit Shifter - Live & Loud,In Utero (Super Deluxe Edition),rerelease,271,1993,Nirvana,7.25e-06,0.124,0.989,0.371,1,0.805,-6.54,1,0.187,155.807,4,0.0672
Drain You - Live & Loud,In Utero (Super Deluxe Edition),rerelease,222,1993,Nirvana,1.97e-05,0.268,0.957,0.333,8,0.418,-6.63,1,0.079,137.084,4,0.173
Breed - Live & Loud,In Utero (Super Deluxe Edition),rerelease,193,1993,Nirvana,1.96e-06,0.165,0.951,0.62,8,0.87,-6.332,1,0.14,164.299,4,0.133
Serve The Servants - Live & Loud,In Utero (Super Deluxe Edition),rerelease,203,1993,Nirvana,4.13e-06,0.28,0.959,0.785,8,0.51,-6.509,1,0.0774,131.321,4,0.235
Rape Me - Live & Loud,In Utero (Super Deluxe Edition),rerelease,159,1993,Nirvana,0.000592,0.247,0.918,0.31,1,0.922,-6.59,1,0.072,116.937,4,0.324
Sliver - Live & Loud,In Utero (Super Deluxe Edition),rerelease,125,1993,Nirvana,6.77e-05,0.376,0.947,0.0133,11,0.111,-6.694,1,0.1,149.259,4,0.387
Pennyroyal Tea - Live & Loud,In Utero (Super Deluxe Edition),rerelease,221,1993,Nirvana,0.000123,0.28,0.868,0.299,1,0.797,-7.26,1,0.0749,121.941,4,0.114
Scentless Apprentice - Live & Loud,In Utero (Super Deluxe Edition),rerelease,233,1993,Nirvana,2.74e-06,0.281,0.877,0.901,1,0.274,-7.028,1,0.0704,92.456,4,0.115
All Apologies - Live & Loud,In Utero (Super Deluxe Edition),rerelease,218,1993,Nirvana,0.0097,0.346,0.677,0.0777,1,0.727,-8.61,1,0.0377,114.551,4,0.157
Heart Shaped Box - Live & Loud,In Utero (Super Deluxe Edition),rerelease,269,1993,Nirvana,0.000224,0.365,0.801,0.0315,1,0.428,-7.14,1,0.0342,105.065,4,0.28
Blew - Live & Loud,In Utero (Super Deluxe Edition),rerelease,216,1993,Nirvana,1.16e-05,0.245,0.912,0.742,7,0.617,-7.273,1,0.0874,128.807,4,0.128
The Man Who Sold The World - Live & Loud,In Utero (Super Deluxe Edition),rerelease,274,1993,Nirvana,0.000208,0.242,0.849,0.018,8,0.861,-7.528,1,0.0448,123.518,4,0.334
School - Live & Loud,In Utero (Super Deluxe Edition),rerelease,160,1993,Nirvana,6.91e-05,0.196,0.914,0.429,8,0.435,-7.445,1,0.0748,167.389,4,0.302
Come As You Are - Live & Loud,In Utero (Super Deluxe Edition),rerelease,221,1993,Nirvana,0.000114,0.41,0.778,0.0332,5,0.766,-8.069,0,0.0419,125.437,4,0.278
Lithium - Live & Loud,In Utero (Super Deluxe Edition),rerelease,260,1993,Nirvana,0.000646,0.401,0.732,0.00245,8,0.675,-7.749,1,0.0441,125.41,4,0.3
About A Girl - Live & Loud,In Utero (Super Deluxe Edition),rerelease,168,1993,Nirvana,1.01e-05,0.44,0.869,0.00173,1,0.245,-7.474,1,0.0476,130.832,4,0.265
"Endless, Nameless - Live & Loud",In Utero (Super Deluxe Edition),rerelease,810,1993,Nirvana,7.4e-05,0.283,0.87,0.844,1,0.367,-8.654,1,0.104,121.687,4,0.152
Radio Friendly Unit Shifter,Live And Loud,live album,270,2019,Nirvana,9.19e-06,0.123,0.988,0.199,1,0.874,-6.528,1,0.207,155.963,4,0.0631
Drain You,Live And Loud,live album,222,2019,Nirvana,1.72e-05,0.272,0.958,0.363,8,0.418,-6.677,1,0.082,137.001,4,0.152
Breed,Live And Loud,live album,193,2019,Nirvana,1.78e-06,0.167,0.955,0.441,8,0.883,-6.384,1,0.128,164.252,4,0.149
Serve The Servants,Live And Loud,live album,203,2019,Nirvana,4.52e-06,0.269,0.951,0.672,8,0.782,-6.586,1,0.078,131.047,4,0.208
Rape Me,Live And Loud,live album,159,2019,Nirvana,0.000643,0.255,0.918,0.242,1,0.937,-6.576,1,0.0696,117.297,4,0.333
Sliver,Live And Loud,live album,125,2019,Nirvana,5.37e-05,0.363,0.952,0.0182,11,0.11,-6.69,1,0.0941,149.36,4,0.369
Pennyroyal Tea,Live And Loud,live album,221,2019,Nirvana,0.000112,0.277,0.869,0.215,1,0.694,-7.276,1,0.0764,122.224,4,0.109
Scentless Apprentice,Live And Loud,live album,233,2019,Nirvana,3.05e-06,0.351,0.869,0.874,1,0.308,-7.093,1,0.0631,93.393,4,0.0989
All Apologies,Live And Loud,live album,218,2019,Nirvana,0.00884,0.341,0.695,0.0928,1,0.738,-8.599,1,0.037,114.49,4,0.139
Heart Shaped Box,Live And Loud,live album,269,2019,Nirvana,0.000292,0.371,0.801,0.0394,1,0.346,-7.179,1,0.0376,105.418,4,0.254
Blew,Live And Loud,live album,216,2019,Nirvana,1.16e-05,0.25,0.91,0.766,7,0.527,-7.27,1,0.0827,128.747,4,0.142
The Man Who Sold The World,Live And Loud,live album,274,2019,Nirvana,0.000181,0.24,0.835,0.0129,8,0.837,-7.536,1,0.0414,123.469,4,0.381
School,Live And Loud,live album,160,2019,Nirvana,6.56e-05,0.187,0.911,0.495,8,0.353,-7.514,1,0.0776,166.103,4,0.348
Come As You Are,Live And Loud,live album,221,2019,Nirvana,0.000113,0.412,0.786,0.0622,5,0.818,-8.111,0,0.043,125.421,4,0.29
Lithium,Live And Loud,live album,260,2019,Nirvana,0.000549,0.392,0.755,0.00132,8,0.682,-7.781,1,0.0437,125.363,4,0.321
About A Girl,Live And Loud,live album,168,2019,Nirvana,1.08e-05,0.441,0.864,0.00174,10,0.415,-7.38,0,0.0449,130.842,4,0.294
"Endless, Nameless",Live And Loud,live album,808,2019,Nirvana,7.55e-05,0.219,0.873,0.854,1,0.428,-8.691,1,0.104,153.353,4,0.177
About A Girl,Mtv Unplugged In New York,live album,218,1994,Nirvana,0.14,0.606,0.769,1.64e-05,3,0.841,-9.215,0,0.0713,121.042,4,0.593
Come As You Are,Mtv Unplugged In New York,live album,253,1994,Nirvana,0.554,0.683,0.766,0.00346,5,0.0815,-8.733,0,0.041,119.19,4,0.568
Jesus Doesn'T Want Me For A Sunbeam,Mtv Unplugged In New York,live album,277,1994,Nirvana,0.0638,0.51,0.641,3.65e-06,8,0.272,-10.312,1,0.0812,113.646,4,0.295
The Man Who Sold The World,Mtv Unplugged In New York,live album,261,1994,Nirvana,0.425,0.483,0.753,0.000142,1,0.257,-8.937,0,0.0832,115.102,4,0.42
Pennyroyal Tea,Mtv Unplugged In New York,live album,220,1994,Nirvana,0.306,0.497,0.474,1.82e-06,1,0.105,-8.047,0,0.033,113.022,4,0.0411
Dumb,Mtv Unplugged In New York,live album,172,1994,Nirvana,0.567,0.69,0.542,0.000779,6,0.853,-9.119,1,0.0367,109.449,4,0.673
Polly,Mtv Unplugged In New York,live album,196,1994,Nirvana,0.683,0.618,0.392,7.09e-05,11,0.905,-11.941,1,0.0388,115.075,4,0.437
On A Plain,Mtv Unplugged In New York,live album,224,1994,Nirvana,0.433,0.703,0.795,0.0,1,0.453,-8.632,1,0.0409,117.946,4,0.631
Something In The Way,Mtv Unplugged In New York,live album,241,1994,Nirvana,0.656,0.547,0.335,0.000161,1,0.115,-13.304,1,0.0501,106.099,4,0.109
Plateau,Mtv Unplugged In New York,live album,218,1994,Nirvana,0.49,0.45,0.501,2.51e-05,4,0.552,-12.611,1,0.0712,84.841,4,0.327
Oh Me,Mtv Unplugged In New York,live album,206,1994,Nirvana,0.726,0.538,0.51,0.0187,8,0.205,-13.192,1,0.102,72.471,4,0.262
Lake Of Fire,Mtv Unplugged In New York,live album,175,1994,Nirvana,0.277,0.541,0.618,4.02e-05,1,0.413,-9.652,0,0.179,145.464,4,0.68
All Apologies,Mtv Unplugged In New York,live album,263,1994,Nirvana,0.5,0.569,0.579,2.79e-05,1,0.109,-10.988,1,0.0716,108.998,4,0.407
Where Did You Sleep Last Night,Mtv Unplugged In New York,live album,306,1994,Nirvana,0.667,0.573,0.59,0.000397,3,0.691,-8.43,1,0.0557,108.789,3,0.364
Intro,From The Muddy Banks Of The Wishkah,live album,52,1996,Nirvana,0.429,0.391,0.48,0.0375,2,0.518,-10.866,1,0.113,124.939,4,0.734
School,From The Muddy Banks Of The Wishkah,live album,160,1996,Nirvana,0.00553,0.137,0.98,5.39e-05,4,0.691,-5.924,0,0.0842,170.199,4,0.299
Drain You,From The Muddy Banks Of The Wishkah,live album,214,1996,Nirvana,0.00556,0.412,0.962,0.139,1,0.58,-5.734,1,0.139,135.575,4,0.178
Aneurysm,From The Muddy Banks Of The Wishkah,live album,271,1996,Nirvana,0.00147,0.212,0.972,0.0201,4,0.962,-4.68,0,0.186,137.319,4,0.0704
Smells Like Teen Spirit,From The Muddy Banks Of The Wishkah,live album,287,1996,Nirvana,0.000373,0.399,0.94,0.00243,8,0.684,-6.488,1,0.138,126.261,4,0.354
Been A Son,From The Muddy Banks Of The Wishkah,live album,127,1996,Nirvana,0.000241,0.243,0.971,0.198,4,0.866,-4.199,0,0.0751,148.184,4,0.309
Lithium,From The Muddy Banks Of The Wishkah,live album,250,1996,Nirvana,0.0374,0.39,0.899,0.0,9,0.665,-6.46,1,0.0949,127.456,4,0.214
Sliver,From The Muddy Banks Of The Wishkah,live album,115,1996,Nirvana,0.000969,0.343,0.97,6.13e-05,11,0.687,-5.386,1,0.0959,146.802,4,0.565
Spank Thru,From The Muddy Banks Of The Wishkah,live album,190,1996,Nirvana,0.00268,0.281,0.903,0.000316,2,0.88,-6.615,1,0.0481,129.836,4,0.385
Scentless Apprentice,From The Muddy Banks Of The Wishkah,live album,211,1996,Nirvana,2.96e-06,0.356,0.952,0.494,1,0.67,-6.74,1,0.0887,93.275,4,0.148
Heart-Shaped Box,From The Muddy Banks Of The Wishkah,live album,281,1996,Nirvana,0.241,0.419,0.799,5.84e-06,1,0.136,-7.036,1,0.0452,105.933,4,0.262
Milk It,From The Muddy Banks Of The Wishkah,live album,225,1996,Nirvana,0.00255,0.412,0.856,0.00202,1,0.692,-7.132,1,0.147,144.497,4,0.192
Negative Creep,From The Muddy Banks Of The Wishkah,live album,163,1996,Nirvana,0.00054,0.185,0.988,7.47e-06,2,0.981,-6.426,1,0.201,168.816,4,0.0955
Polly,From The Muddy Banks Of The Wishkah,live album,150,1996,Nirvana,0.0027,0.455,0.981,0.000104,0,0.126,-6.242,1,0.101,145.724,4,0.349
Breed,From The Muddy Banks Of The Wishkah,live album,208,1996,Nirvana,0.000453,0.206,0.946,0.0105,2,0.265,-6.647,1,0.291,154.05,4,0.107
Tourette'S,From The Muddy Banks Of The Wishkah,live album,115,1996,Nirvana,0.000971,0.267,0.966,0.943,1,0.905,-6.005,1,0.129,169.56,4,0.249
Blew,From The Muddy Banks Of The Wishkah,live album,216,1996,Nirvana,0.000368,0.222,0.949,0.00013,7,0.708,-6.75,1,0.168,132.535,4,0.227
Heartbreaker,With The Lights Out,box set,178,2004,Nirvana,0.000784,0.241,0.597,0.836,11,0.414,-8.399,1,0.0456,97.765,4,0.278
Anorexorcist,With The Lights Out,box set,163,2004,Nirvana,0.000337,0.321,0.973,0.744,9,0.173,-1.996,0,0.076,152.033,4,0.426
White Lace And Strange,With The Lights Out,box set,127,2004,Nirvana,0.00252,0.191,0.985,0.288,9,0.327,-2.372,1,0.227,172.851,4,0.543
"Help Me, I'M Hungry",With The Lights Out,box set,160,2004,Nirvana,0.129,0.44,0.919,0.757,9,0.255,-5.811,1,0.0738,108.088,4,0.374
Mrs. Butterworth,With The Lights Out,box set,244,2004,Nirvana,0.00329,0.473,0.79,0.152,9,0.58,-6.666,0,0.0514,86.634,4,0.594
If You Must,With The Lights Out,box set,239,2004,Nirvana,0.0015,0.456,0.864,0.00359,4,0.217,-2.691,1,0.0346,102.626,3,0.442
Pen Cap Chew,With The Lights Out,box set,180,2004,Nirvana,0.0333,0.501,0.815,0.0219,10,0.05,-4.62,0,0.0487,88.657,4,0.234
Downer,With The Lights Out,box set,103,2004,Nirvana,0.48,0.351,0.955,0.0,4,0.837,-5.551,1,0.147,102.786,4,0.638
Floyd The Barber,With The Lights Out,box set,151,2004,Nirvana,0.154,0.232,0.964,0.0199,4,0.109,-4.877,1,0.151,137.491,4,0.198
Raunchola/Moby Dick,With The Lights Out,box set,383,2004,Nirvana,0.00743,0.201,0.973,0.685,6,0.548,-5.402,1,0.356,85.419,4,0.0696
Beans,With The Lights Out,box set,91,2004,Nirvana,0.463,0.592,0.246,0.0,8,0.265,-10.527,0,0.362,145.515,4,0.727
Don'T Want It All,With The Lights Out,box set,143,2004,Nirvana,0.0671,0.596,0.511,0.795,8,0.146,-8.688,0,0.125,143.189,4,0.248
Clean Up Before She Comes,With The Lights Out,box set,190,2004,Nirvana,0.177,0.61,0.388,0.202,3,0.386,-9.286,1,0.0598,122.202,4,0.694
Polly,With The Lights Out,box set,148,2004,Nirvana,0.749,0.445,0.637,1.97e-05,6,0.0766,-5.94,1,0.0466,129.564,4,0.692
About A Girl,With The Lights Out,box set,162,2004,Nirvana,0.641,0.478,0.45,0.858,2,0.0875,-11.5,0,0.0295,115.829,4,0.339
Blandest,With The Lights Out,box set,235,2004,Nirvana,3.42e-05,0.291,0.973,0.0119,10,0.191,-3.325,0,0.102,122.159,4,0.286
Dive,With The Lights Out,box set,288,2004,Nirvana,0.00127,0.298,0.923,0.011,11,0.188,-4.147,1,0.0801,122.302,4,0.179
They Hung Him On A Cross,With The Lights Out,box set,115,2004,Nirvana,0.895,0.333,0.402,0.0,4,0.0955,-6.974,1,0.0317,94.488,4,0.374
Grey Goose,With The Lights Out,box set,275,2004,Nirvana,0.00348,0.31,0.644,0.806,4,0.215,-5.025,1,0.0341,107.677,4,0.228
Ain'T It A Shame,With The Lights Out,box set,121,2004,Nirvana,8.57e-06,0.419,0.973,0.000159,4,0.28,-5.172,1,0.0606,113.399,4,0.592
Token Eastern Song,With The Lights Out,box set,199,2004,Nirvana,0.000219,0.381,0.917,8.55e-06,9,0.121,-4.9,1,0.0741,136.941,4,0.45
Even In His Youth,With The Lights Out,box set,191,2004,Nirvana,4.35e-06,0.308,0.982,5.59e-06,0,0.326,-3.904,1,0.192,143.173,4,0.548
Polly,With The Lights Out,box set,156,2004,Nirvana,0.133,0.224,0.862,0.301,0,0.0959,-4.891,1,0.122,140.49,4,0.589
Opinion,With The Lights Out,box set,93,2004,Nirvana,0.826,0.417,0.466,0.0,6,0.211,-9.543,0,0.0398,149.472,4,0.71
Lithium,With The Lights Out,box set,108,2004,Nirvana,0.877,0.566,0.359,0.0,4,0.579,-9.27,1,0.0364,127.763,4,0.517
Been A Son,With The Lights Out,box set,71,2004,Nirvana,0.717,0.44,0.617,0.78,1,0.19,-9.253,0,0.0585,125.857,4,0.704
Sliver,With The Lights Out,box set,128,2004,Nirvana,0.961,0.695,0.374,0.886,8,0.127,-11.599,0,0.0555,128.464,4,0.675
Where Did You Sleep Last Night,With The Lights Out,box set,149,2004,Nirvana,0.961,0.613,0.254,0.875,8,0.115,-11.322,1,0.0315,120.017,3,0.285
Pay To Play,With The Lights Out,box set,208,2004,Nirvana,5.41e-05,0.405,0.962,0.863,9,0.483,-6.073,0,0.106,164.371,4,0.26
Here She Comes Now,With The Lights Out,box set,300,2004,Nirvana,0.0464,0.352,0.703,0.0386,0,0.123,-7.806,0,0.0297,118.829,4,0.149
Drain You,With The Lights Out,box set,157,2004,Nirvana,0.0201,0.294,0.834,0.000584,1,0.54,-4.009,0,0.0381,139.119,4,0.598
Aneurysm,With The Lights Out,box set,287,2004,Nirvana,1.75e-05,0.296,0.764,0.868,11,0.0771,-6.011,0,0.0429,130.524,4,0.316
Smells Like Teen Spirit,With The Lights Out,box set,338,2004,Nirvana,0.151,0.557,0.982,0.000265,8,0.253,-3.521,1,0.0901,117.27,4,0.402
Breed,With The Lights Out,box set,186,2004,Nirvana,5.36e-05,0.235,0.984,0.0,11,0.178,-4.308,1,0.17,158.087,4,0.0939
Verse Chorus Verse,With The Lights Out,box set,196,2004,Nirvana,0.000837,0.453,0.938,0.000171,9,0.453,-4.681,0,0.0478,131.77,4,0.39
Old Age,With The Lights Out,box set,259,2004,Nirvana,0.0291,0.489,0.841,0.00278,4,0.215,-6.814,1,0.0373,127.972,4,0.421
"Endless, Nameless",With The Lights Out,box set,526,2004,Nirvana,0.000324,0.323,0.979,0.865,0,0.111,-5.328,1,0.344,133.127,4,0.177
Dumb,With The Lights Out,box set,153,2004,Nirvana,0.423,0.646,0.701,1.17e-05,7,0.287,-7.447,1,0.0266,110.328,4,0.765
D-7,With The Lights Out,box set,225,2004,Nirvana,0.0349,0.297,0.923,0.739,5,0.0891,-4.939,1,0.0779,86.364,1,0.132
Oh The Guilt,With The Lights Out,box set,204,2004,Nirvana,4.85e-05,0.227,0.898,0.0,1,0.119,-2.493,1,0.0967,132.988,4,0.395
Curmudgeon,With The Lights Out,box set,182,2004,Nirvana,0.000141,0.257,0.883,1.91e-06,10,0.503,-2.557,1,0.072,124.938,4,0.326
Return Of The Rat,With The Lights Out,box set,188,2004,Nirvana,0.000222,0.425,0.945,0.00219,10,0.131,-3.95,0,0.0579,90.245,4,0.732
Smells Like Teen Spirit,With The Lights Out,box set,299,2004,Nirvana,1.98e-05,0.477,0.862,0.000163,1,0.0868,-4.936,1,0.052,116.104,4,0.575
Rape Me,With The Lights Out,box set,201,2004,Nirvana,0.901,0.583,0.528,0.487,6,0.17,-7.48,0,0.0499,94.904,4,0.398
Rape Me,With The Lights Out,box set,181,2004,Nirvana,0.000466,0.39,0.95,0.573,8,0.0725,-4.605,0,0.0724,107.176,4,0.341
Scentless Apprentice,With The Lights Out,box set,572,2004,Nirvana,0.000287,0.221,0.892,0.65,6,0.117,-5.974,0,0.0744,153.924,4,0.798
Heart Shaped Box,With The Lights Out,box set,330,2004,Nirvana,0.00634,0.248,0.652,0.0341,1,0.221,-6.045,1,0.0735,203.56,4,0.35
I Hate Myself And Want To Die,With The Lights Out,box set,242,2004,Nirvana,0.0712,0.256,0.924,0.00971,1,0.0929,-3.755,0,0.0689,115.179,4,0.195
Milk It,With The Lights Out,box set,273,2004,Nirvana,0.0196,0.394,0.706,0.00101,1,0.322,-5.238,0,0.172,134.799,4,0.352
Moist Vagina,With The Lights Out,box set,115,2004,Nirvana,0.00893,0.392,0.5,0.0746,10,0.0958,-5.174,1,0.0473,110.023,4,0.444
Gallons Of Rubbing Alcohol Flow Through The Strip,With The Lights Out,box set,452,2004,Nirvana,0.000241,0.472,0.484,0.291,4,0.0626,-7.447,1,0.03,104.237,4,0.351
The Other Improv,With The Lights Out,box set,382,2004,Nirvana,0.237,0.361,0.587,8.71e-05,6,0.346,-4.979,1,0.0575,164.979,4,0.375
Serve The Servants,With The Lights Out,box set,94,2004,Nirvana,0.67,0.535,0.598,0.59,8,0.269,-6.459,1,0.0289,107.364,4,0.519
Very Ape,With The Lights Out,box set,111,2004,Nirvana,0.739,0.577,0.771,0.705,2,0.11,-6.636,1,0.14,133.702,4,0.784
Pennyroyal Tea,With The Lights Out,box set,208,2004,Nirvana,0.927,0.511,0.546,0.523,1,0.116,-7.403,0,0.0349,132.393,4,0.221
Marigold,With The Lights Out,box set,152,2004,Nirvana,0.0337,0.351,0.395,0.00454,10,0.122,-8.745,1,0.0361,176.836,4,0.302
Sappy,With The Lights Out,box set,205,2004,Nirvana,1.04e-05,0.406,0.81,1.34e-06,1,0.325,-6.127,1,0.0343,128.282,4,0.638
Jesus Doesn'T Want Me For A Sunbeam,With The Lights Out,box set,235,2004,Nirvana,0.839,0.49,0.474,0.594,8,0.114,-7.07,1,0.0286,114.906,4,0.324
Do Re Mi,With The Lights Out,box set,262,2004,Nirvana,0.829,0.562,0.75,0.546,7,0.124,-4.459,0,0.0328,122.217,4,0.416
You Know You'Re Right,With The Lights Out,box set,149,2004,Nirvana,0.979,0.412,0.455,0.443,5,0.236,-9.665,0,0.0339,85.02,4,0.656
All Apologies,With The Lights Out,box set,213,2004,Nirvana,0.921,0.562,0.554,0.898,0,0.126,-7.994,1,0.0323,104.249,4,0.558
Heartbreaker,Sliver - The Best Of The Box,compilation album,177,2005,Nirvana,0.000967,0.243,0.591,0.817,11,0.466,-8.412,1,0.0446,97.456,4,0.269
Mrs. Butterworth,Sliver - The Best Of The Box,compilation album,244,2005,Nirvana,0.00355,0.475,0.794,0.196,9,0.656,-6.69,0,0.0534,86.242,4,0.603
Floyd The Barber,Sliver - The Best Of The Box,compilation album,151,2005,Nirvana,0.181,0.231,0.968,0.0156,4,0.129,-4.962,1,0.167,136.919,4,0.184
Clean Up Before She Comes,Sliver - The Best Of The Box,compilation album,190,2005,Nirvana,0.172,0.612,0.394,0.238,3,0.405,-9.264,1,0.058,122.098,4,0.675
About A Girl,Sliver - The Best Of The Box,compilation album,162,2005,Nirvana,0.637,0.479,0.462,0.83,2,0.0939,-11.501,0,0.03,115.833,4,0.281
Blandest,Sliver - The Best Of The Box,compilation album,235,2005,Nirvana,3.48e-05,0.295,0.974,0.00862,10,0.237,-3.319,0,0.0982,122.201,4,0.365
Ain'T It A Shame,Sliver - The Best Of The Box,compilation album,122,2005,Nirvana,1.08e-05,0.42,0.956,0.000305,4,0.196,-5.139,1,0.0668,113.349,4,0.655
Opinion,Sliver - The Best Of The Box,compilation album,93,2005,Nirvana,0.829,0.388,0.466,0.0,6,0.203,-9.512,0,0.0441,150.442,4,0.702
Lithium,Sliver - The Best Of The Box,compilation album,108,2005,Nirvana,0.885,0.572,0.35,0.0,9,0.597,-9.252,1,0.0349,127.872,4,0.504
Sliver,Sliver - The Best Of The Box,compilation album,128,2005,Nirvana,0.962,0.664,0.366,0.886,8,0.127,-11.542,0,0.062,128.482,4,0.664
Smells Like Teen Spirit,Sliver - The Best Of The Box,compilation album,338,2005,Nirvana,0.148,0.555,0.983,0.000264,8,0.261,-3.513,1,0.091,117.261,4,0.431
Come As You Are,Sliver - The Best Of The Box,compilation album,249,2005,Nirvana,0.163,0.397,0.874,0.0171,4,0.329,-5.683,1,0.0325,120.076,4,0.759
Old Age,Sliver - The Best Of The Box,compilation album,259,2005,Nirvana,0.0315,0.492,0.835,0.00385,0,0.212,-6.768,1,0.039,128.106,4,0.466
Oh The Guilt,Sliver - The Best Of The Box,compilation album,204,2005,Nirvana,5.21e-05,0.239,0.885,1.22e-06,1,0.121,-2.483,1,0.0881,132.795,4,0.425
Rape Me,Sliver - The Best Of The Box,compilation album,201,2005,Nirvana,0.889,0.581,0.536,0.62,6,0.174,-7.509,0,0.0512,94.8,4,0.413
Rape Me,Sliver - The Best Of The Box,compilation album,181,2005,Nirvana,0.000456,0.398,0.948,0.648,8,0.074,-4.586,0,0.0677,107.272,4,0.384
Heart Shaped Box,Sliver - The Best Of The Box,compilation album,330,2005,Nirvana,0.00677,0.452,0.653,0.0353,1,0.199,-6.042,1,0.0506,102.153,4,0.338
Do Re Mi,Sliver - The Best Of The Box,compilation album,262,2005,Nirvana,0.84,0.561,0.749,0.615,7,0.124,-4.465,0,0.0328,122.136,4,0.394
You Know You'Re Right,Sliver - The Best Of The Box,compilation album,149,2005,Nirvana,0.979,0.41,0.456,0.536,5,0.214,-9.619,0,0.0336,84.985,4,0.609
All Apologies,Sliver - The Best Of The Box,compilation album,213,2005,Nirvana,0.919,0.571,0.552,0.85,0,0.15,-8.046,1,0.0314,106.549,4,0.575
Spank Thru,Sliver - The Best Of The Box,compilation album,224,2005,Nirvana,0.434,0.344,0.838,0.0,1,0.191,-5.9,1,0.0955,109.682,4,0.402
Sappy,Sliver - The Best Of The Box,compilation album,211,2005,Nirvana,2.05e-05,0.41,0.899,1.78e-05,2,0.133,-8.143,1,0.0505,130.91,4,0.307
You Know You'Re Right,Nirvana,compilation album,217,2002,Nirvana,0.0284,0.271,0.755,0.000411,5,0.123,-6.306,0,0.142,177.02,4,0.437
About A Girl,Nirvana,compilation album,166,2002,Nirvana,2.88e-05,0.408,0.927,1.34e-05,11,0.298,-4.501,0,0.0374,131.693,4,0.59
Been A Son,Nirvana,compilation album,140,2002,Nirvana,0.00655,0.416,0.941,0.00121,9,0.142,-5.011,1,0.0881,142.749,4,0.536
Sliver,Nirvana,compilation album,131,2002,Nirvana,6.13e-05,0.427,0.852,0.000943,5,0.11,-5.579,1,0.0773,141.279,4,0.419
Smells Like Teen Spirit,Nirvana,compilation album,301,2002,Nirvana,1.64e-05,0.5,0.878,0.000249,1,0.112,-5.928,1,0.0484,116.697,4,0.794
Come As You Are,Nirvana,compilation album,219,2002,Nirvana,0.000105,0.519,0.815,0.00261,4,0.0993,-6.349,0,0.0354,119.944,4,0.497
Lithium,Nirvana,compilation album,255,2002,Nirvana,0.00133,0.678,0.678,0.0,7,0.0855,-5.866,1,0.038,123.207,4,0.433
In Bloom,Nirvana,compilation album,253,2002,Nirvana,3.6e-05,0.446,0.843,4.82e-05,10,0.222,-5.868,0,0.0555,158.226,4,0.579
Heart-Shaped Box,Nirvana,compilation album,279,2002,Nirvana,0.0921,0.244,0.825,0.0057,1,0.0984,-6.788,1,0.116,199.655,4,0.297
Pennyroyal Tea,Nirvana,compilation album,215,2002,Nirvana,5.74e-05,0.392,0.752,5.71e-05,9,0.116,-7.373,1,0.0526,114.276,4,0.152
Rape Me,Nirvana,compilation album,169,2002,Nirvana,0.00286,0.413,0.86,2.92e-06,8,0.0904,-7.559,1,0.0537,112.058,4,0.218
Dumb,Nirvana,compilation album,149,2002,Nirvana,0.184,0.692,0.487,0.215,11,0.329,-8.941,1,0.0268,113.789,4,0.827
All Apologies,Nirvana,compilation album,225,2002,Nirvana,0.419,0.638,0.56,7.24e-05,1,0.686,-8.401,1,0.0312,109.001,4,0.247
The Man Who Sold The World,Nirvana,compilation album,227,2002,Nirvana,0.373,0.481,0.687,0.000319,1,0.922,-7.756,0,0.0294,115.129,4,0.366
Come As You Are,Nevermind (Remastered),rerelease,218,1991,Nirvana,0.00016,0.5,0.824,0.00161,4,0.0916,-5.846,0,0.0388,120.125,4,0.539
Lithium,Nevermind (Remastered),rerelease,257,1991,Nirvana,0.00174,0.678,0.656,0.0,7,0.0631,-6.41,1,0.0381,123.207,4,0.485
Smells Like Teen Spirit,Nevermind (Remastered),rerelease,301,1991,Nirvana,2.55e-05,0.502,0.912,0.000173,1,0.106,-4.556,1,0.0564,116.761,4,0.72
Heart-Shaped Box,In Utero (Deluxe Edition),rerelease,281,1993,Nirvana,0.199,0.256,0.641,0.0329,1,0.0853,-10.283,1,0.0552,203.006,4,0.382
In Bloom,Nevermind (Remastered),rerelease,255,1991,Nirvana,3.33e-05,0.436,0.876,0.000104,10,0.205,-4.902,0,0.0647,157.044,4,0.512
Polly,Nevermind,studio album,173,1991,Nirvana,0.884,0.83,0.382,0.301,2,0.11,-11.231,0,0.0566,121.12,4,0.54
Something In The Way,Nevermind (Deluxe Edition),rerelease,232,2011,Nirvana,0.745,0.427,0.201,0.263,8,0.109,-13.044,1,0.0317,105.218,4,0.0668
Pennyroyal Tea,In Utero,studio album,218,1993,Nirvana,0.000351,0.428,0.449,0.000498,1,0.253,-12.114,0,0.0342,113.308,4,0.196
Breed,Nevermind (Remastered),rerelease,184,1991,Nirvana,3.69e-06,0.262,0.969,0.00213,4,0.133,-4.675,1,0.0894,158.433,4,0.263
Frances Farmer Will Have Her Revenge On Seattle,In Utero,studio album,250,1993,Nirvana,5.66e-05,0.482,0.723,0.000432,10,0.0939,-10.08,0,0.0425,117.051,4,0.554
Stay Away,Nevermind (Remastered),rerelease,211,1991,Nirvana,5.39e-06,0.367,0.981,0.0461,11,0.0822,-5.1,0,0.128,165.21,4,0.205
On A Plain,Nevermind,studio album,194,1991,Nirvana,0.000119,0.428,0.946,3.37e-06,2,0.141,-4.674,1,0.102,133.26,4,0.358
Lounge Act,Nevermind (Remastered),rerelease,156,1991,Nirvana,1.26e-05,0.341,0.964,0.000103,11,0.151,-5.327,0,0.107,152.192,4,0.459
Been A Son,Lithium,single,153,1992,Nirvana,0.00174,0.292,0.884,0.112,7,0.681,-11.712,1,0.0826,142.924,4,0.247
Territorial Pissings,Nevermind (Remastered),rerelease,142,1991,Nirvana,0.000144,0.285,0.979,0.0,2,0.334,-4.428,1,0.175,182.7,4,0.108
Sliver,Incesticide,compilation album,136,1992,Nirvana,1.41e-05,0.427,0.692,3.84e-05,5,0.103,-9.978,1,0.0504,141.455,4,0.391
Love Buzz - Remastered,Bleach: Deluxe Edition,rerelease,215,1989,Nirvana,3.22e-05,0.47,0.885,0.196,3,0.169,-7.224,1,0.0354,138.153,4,0.79
Blew - Remastered,Bleach: Deluxe Edition,rerelease,174,1989,Nirvana,6.31e-06,0.404,0.923,0.00404,10,0.303,-5.318,0,0.0563,129.955,4,0.588
Spank Thru - Live At Pine Street Theater,Bleach: Deluxe Edition,rerelease,179,1989,Nirvana,2.1e-05,0.313,0.957,0.0487,2,0.169,-6.259,1,0.0588,137.797,4,0.374
Smells Like Teen Spirit,Nevermind (Remastered),rerelease,301,1991,Nirvana,2.55e-05,0.502,0.912,0.000173,1,0.106,-4.556,1,0.0564,116.761,4,0.72
About A Girl,Nirvana,compilation album,166,2002,Nirvana,1.87e-05,0.409,0.932,1.6e-06,11,0.31,-4.538,0,0.0339,131.761,4,0.591
Dumb,In Utero,studio album,151,1993,Nirvana,0.428,0.697,0.395,0.653,6,0.173,-13.58,1,0.0281,113.589,4,0.876
Come As You Are,Nevermind (Remastered),rerelease,218,1991,Nirvana,0.00016,0.5,0.824,0.00161,4,0.0916,-5.846,0,0.0388,120.125,4,0.539
Rape Me,In Utero (Deluxe Edition),rerelease,170,1993,Nirvana,0.0141,0.42,0.746,0.0,8,0.0661,-10.628,1,0.0467,111.886,4,0.229
All Apologies,In Utero,studio album,233,1993,Nirvana,0.0793,0.446,0.632,0.000266,1,0.0881,-12.197,1,0.034,113.176,4,0.359
Lithium,Nevermind (Remastered),rerelease,257,1991,Nirvana,0.00174,0.678,0.656,0.0,7,0.0631,-6.41,1,0.0381,123.207,4,0.485
You Know You'Re Right,Nirvana,compilation album,217,2002,Nirvana,0.0407,0.289,0.716,0.00123,5,0.135,-6.53,0,0.106,168.049,4,0.344
Something In The Way,Nevermind (Remastered),rerelease,232,1991,Nirvana,0.745,0.427,0.201,0.263,8,0.109,-13.044,1,0.0317,105.218,4,0.0668
Marigold,In Utero (Deluxe Edition),rerelease,154,1993,Nirvana,0.126,0.367,0.326,0.000599,3,0.12,-13.025,0,0.0395,175.109,4,0.333
Very Ape,In Utero,studio album,115,1993,Nirvana,3.11e-06,0.262,0.886,0.368,1,0.188,-9.392,1,0.0336,152.09,4,0.965
Breed,Nevermind (Remastered),rerelease,184,1991,Nirvana,3.69e-06,0.262,0.969,0.00213,4,0.133,-4.675,1,0.0894,158.433,4,0.263
Serve The Servants,In Utero,studio album,217,1993,Nirvana,1.13e-05,0.435,0.895,0.0318,10,0.19,-8.7,1,0.0421,119.659,4,0.668
I Hate Myself And Want To Die - 2013 Mix,In Utero (Deluxe Edition),rerelease,179,1993,Nirvana,0.115,0.456,0.818,0.0,11,0.0995,-11.286,1,0.0589,115.556,4,0.257
Moist Vagina - 2013 Mix,In Utero (Deluxe Edition),rerelease,213,1993,Nirvana,0.000127,0.344,0.567,0.205,10,0.225,-11.437,1,0.0384,110.306,4,0.613
Smells Like Teen Spirit,Nevermind,studio album,301,1991,Nirvana,1.22e-05,0.485,0.863,0.0162,1,0.138,-9.027,1,0.0495,116.835,4,0.767
In Bloom,Nevermind,studio album,254,1991,Nirvana,9.84e-06,0.433,0.744,7.73e-05,10,0.29,-8.97,0,0.0449,157.18,4,0.595
Come As You Are,Nevermind,studio album,219,1991,Nirvana,3.72e-05,0.52,0.755,0.00871,4,0.0721,-9.422,0,0.037,120.015,4,0.505
Breed,Nevermind,studio album,183,1991,Nirvana,2.17e-06,0.267,0.941,0.339,11,0.113,-8.836,1,0.0547,159.003,4,0.464
Lithium,Nevermind,studio album,257,1991,Nirvana,0.000194,0.686,0.607,0.0,7,0.0621,-8.964,1,0.0368,123.258,4,0.436
Polly,Nevermind,studio album,176,1991,Nirvana,0.84,0.815,0.281,0.489,2,0.117,-15.58,0,0.0712,121.104,4,0.63
Territorial Pissings,Nevermind,studio album,142,1991,Nirvana,4.84e-05,0.309,0.954,0.00146,2,0.347,-8.802,1,0.0953,182.45,4,0.112
Drain You,Nevermind,studio album,224,1991,Nirvana,1.69e-05,0.32,0.884,3.72e-05,11,0.126,-10.193,0,0.0453,132.918,4,0.256
Lounge Act,Nevermind,studio album,156,1991,Nirvana,4.14e-06,0.369,0.908,0.00648,11,0.123,-9.766,0,0.0652,152.047,4,0.563
Stay Away,Nevermind,studio album,212,1991,Nirvana,3.63e-06,0.309,0.95,0.806,11,0.0866,-9.637,0,0.0615,165.255,4,0.345
On A Plain,Nevermind,studio album,196,1991,Nirvana,5.37e-06,0.482,0.861,0.00294,2,0.162,-10.875,1,0.0593,133.14,4,0.497
Something In The Way,Nevermind,studio album,232,1991,Nirvana,0.558,0.421,0.138,0.554,8,0.112,-18.231,1,0.031,105.106,4,0.0628
Serve The Servants,In Utero,studio album,214,1993,Nirvana,4.65e-06,0.424,0.924,0.0262,10,0.188,-8.241,1,0.0452,119.811,4,0.555
Scentless Apprentice,In Utero,studio album,227,1993,Nirvana,1.18e-06,0.294,0.791,0.299,1,0.12,-9.029,1,0.0422,169.548,4,0.627
Heart-Shaped Box,In Utero,studio album,278,1993,Nirvana,0.0954,0.496,0.718,0.0297,1,0.0775,-9.554,1,0.0459,101.735,4,0.37
Rape Me,In Utero,studio album,169,1993,Nirvana,0.00168,0.424,0.832,1.99e-06,8,0.0775,-9.035,1,0.0528,112.086,4,0.238
Frances Farmer Will Have Her Revenge On Seattle,In Utero,studio album,249,1993,Nirvana,2.7e-05,0.483,0.814,0.000767,5,0.0778,-8.302,0,0.0423,117.381,4,0.539
Dumb,In Utero,studio album,149,1993,Nirvana,0.124,0.678,0.445,0.535,11,0.261,-11.969,1,0.0284,113.736,4,0.839
Very Ape,In Utero,studio album,114,1993,Nirvana,2.69e-06,0.268,0.894,0.0944,1,0.157,-8.853,1,0.0356,152.049,4,0.967
Milk It,In Utero,studio album,233,1993,Nirvana,0.000114,0.463,0.606,0.0013,1,0.164,-9.994,0,0.05,136.213,4,0.565
Pennyroyal Tea,In Utero,studio album,216,1993,Nirvana,0.000311,0.419,0.475,0.000531,1,0.138,-11.682,0,0.0368,113.327,4,0.216
Radio Friendly Unit Shifter,In Utero,studio album,289,1993,Nirvana,5.93e-05,0.311,0.968,0.0637,6,0.669,-8.931,1,0.0634,155.856,3,0.56
Tourette'S,In Utero,studio album,93,1993,Nirvana,1.8e-05,0.287,0.96,9.86e-06,10,0.215,-8.405,0,0.0572,87.504,4,0.322
All Apologies/Gallons Of Rubbing Alcohol Flow Through The Strip,In Utero,studio album,1892,1993,Nirvana,0.00163,0.0,2.02e-05,0.0293,6,0.11,-11.267,1,0.0,0.0,0,0.0
